id,length
0,0.183
1,0.184
2,0.182
3,0.160
4,0.182
5,0.157
6,0.159
7,0.157
8,0.183
9,0.158
10,0.152
11,0.161
12,0.160
13,0.183
14,0.157
15,0.158
16,0.162
17,0.182
18,0.157
19,0.155
20,0.154
21,0.182
22,0.158
23,0.185
24,0.161
25,0.155
26,0.155
27,0.181
28,0.184
29,0.153
30,0.183
31,0.159
32,0.155
33,0.158
34,0.164
35,0.154
36,0.160
37,0.162
38,0.185
39,0.155
40,0.155
41,0.158
42,0.153
43,0.159
44,0.158
45,0.156
46,0.158
47,0.182
48,0.155
49,0.182
50,0.158
51,0.157
52,0.162
53,0.180
54,0.152
55,0.160
56,0.155
57,0.162
58,0.160
59,0.156
60,0.158
61,0.185
62,0.155
63,0.158
64,0.159
65,0.159
66,0.152
67,0.156
68,0.182
69,0.183
70,0.159
71,0.156
72,0.161
73,0.157
74,0.155
75,0.154
76,0.159
77,0.155
78,0.155
79,0.153
80,0.161
81,0.182
82,0.160
83,0.155
84,0.154
85,0.153
86,0.156
87,0.161
88,0.154
89,0.159
90,0.158
91,0.156
92,0.155
93,0.160
94,0.178
95,0.154
96,0.155
97,0.184
98,0.161
99,0.155
