ID,left_foot,left_top,right_foot,right_top
0,1,2,10,8
1,1,2,10,8
2,1,2,10,9
3,1,2,8,9
4,1,0,7,10
5,0,1,8,9
6,0,3,4,10
7,3,0,8,9
8,1,2,7,10
9,3,0,8,9
10,1,2,9,10
11,3,0,8,9
12,1,2,8,10
13,1,2,7,10
14,3,0,8,9
15,3,0,8,9
16,1,2,8,9
17,1,0,7,10
18,0,1,8,9
19,0,1,8,9
20,0,1,8,9
21,5,0,10,8
22,3,0,8,9
23,1,2,10,8
24,3,0,8,9
25,0,3,8,9
26,1,2,9,10
27,1,2,10,8
28,1,2,7,10
29,1,2,9,10
30,2,0,8,9
31,1,0,8,9
32,1,2,9,10
33,3,0,8,9
34,1,2,8,7
35,1,2,9,10
36,1,0,8,9
37,0,3,8,9
38,1,2,7,10
39,1,2,9,10
40,0,1,8,9
41,3,0,8,9
42,1,2,9,10
43,1,0,8,9
44,1,2,8,9
45,3,0,8,9
46,1,2,8,9
47,2,0,8,9
48,5,0,10,8
49,2,0,8,9
50,3,2,8,9
51,1,2,9,8
52,1,0,8,10
53,1,0,7,10
54,0,3,8,10
55,1,2,8,9
56,1,2,9,8
57,3,0,8,9
58,6,0,10,5
59,1,0,9,10
60,1,4,8,9
61,1,2,7,10
62,0,1,8,10
63,1,0,8,9
64,1,2,8,9
65,1,4,8,10
66,1,2,9,10
67,0,1,8,9
68,5,0,10,8
69,2,0,8,9
70,3,0,8,9
71,5,2,10,8
72,3,0,8,9
73,1,2,8,9
74,1,4,9,10
75,1,2,9,8
76,1,2,8,9
77,0,1,8,9
78,1,2,9,7
79,1,2,9,10
80,0,1,8,9
81,2,3,6,9
82,1,2,8,9
83,1,4,9,10
84,1,2,8,9
85,0,1,8,9
86,1,2,9,10
87,5,0,10,9
88,1,4,9,10
89,0,1,8,9
90,1,0,9,10
91,1,2,9,10
92,1,2,9,8
93,6,0,10,5
94,2,3,8,9
95,1,0,9,10
96,1,4,9,10
97,5,0,10,7
98,0,1,8,9
99,1,2,9,10
