cond,seed,env,k,silenced,robot,group,perf
flat,0,in_dist,0,,0,68-73-86-54,0.2098037153482437
flat,0,in_dist,0,,1,52-53-84-74,0.1225501000881195
flat,0,in_dist,0,,2,70-76-51-61,0.3062202036380768
flat,0,in_dist,0,,3,97-72-60-95,0.1821247935295105
flat,0,in_dist,0,,4,80-77-56-71,0.0763038769364357
flat,0,in_dist,0,,5,88-69-93-66,0.1252545416355133
flat,0,in_dist,0,,6,87-85-78-50,0.12340676784515381
flat,0,in_dist,0,,7,58-96-98-67,0.06881698966026306
flat,0,in_dist,1,0,0,68-73-86-54,0.01774570718407631
flat,0,in_dist,1,0,1,52-53-84-74,0.04920557141304016
flat,0,in_dist,1,0,2,70-76-51-61,0.006268984172493219
flat,0,in_dist,1,0,3,97-72-60-95,0.015819037333130836
flat,0,in_dist,1,0,4,80-77-56-71,0.01375189982354641
flat,0,in_dist,1,0,5,88-69-93-66,0.09566786140203476
flat,0,in_dist,1,0,6,87-85-78-50,0.09063296765089035
flat,0,in_dist,1,0,7,58-96-98-67,0.06274784356355667
flat,0,in_dist,1,1,0,68-73-86-54,0.031849171966314316
flat,0,in_dist,1,1,1,52-53-84-74,0.009515899233520031
flat,0,in_dist,1,1,2,70-76-51-61,0.002010642783716321
flat,0,in_dist,1,1,3,97-72-60-95,0.007184458896517754
flat,0,in_dist,1,1,4,80-77-56-71,0.0003068755322601646
flat,0,in_dist,1,1,5,88-69-93-66,0.022841865196824074
flat,0,in_dist,1,1,6,87-85-78-50,0.008098610676825047
flat,0,in_dist,1,1,7,58-96-98-67,0.019797759130597115
flat,0,in_dist,1,2,0,68-73-86-54,0.01689857803285122
flat,0,in_dist,1,2,1,52-53-84-74,-0.014860864728689194
flat,0,in_dist,1,2,2,70-76-51-61,0.017652040347456932
flat,0,in_dist,1,2,3,97-72-60-95,-0.0328376367688179
flat,0,in_dist,1,2,4,80-77-56-71,0.015493299812078476
flat,0,in_dist,1,2,5,88-69-93-66,-0.005493490025401115
flat,0,in_dist,1,2,6,87-85-78-50,0.014741845428943634
flat,0,in_dist,1,2,7,58-96-98-67,-0.013021065853536129
flat,0,in_dist,1,3,0,68-73-86-54,0.010206152684986591
flat,0,in_dist,1,3,1,52-53-84-74,0.061380308121442795
flat,0,in_dist,1,3,2,70-76-51-61,0.018254537135362625
flat,0,in_dist,1,3,3,97-72-60-95,0.0013659000396728516
flat,0,in_dist,1,3,4,80-77-56-71,0.04231323301792145
flat,0,in_dist,1,3,5,88-69-93-66,0.02646445482969284
flat,0,in_dist,1,3,6,87-85-78-50,0.012213869951665401
flat,0,in_dist,1,3,7,58-96-98-67,0.007898065261542797
flat,0,in_dist,2,"0,1",0,68-73-86-54,0.03304026275873184
flat,0,in_dist,2,"0,1",1,52-53-84-74,0.010949813760817051
flat,0,in_dist,2,"0,1",2,70-76-51-61,0.0005703319911845028
flat,0,in_dist,2,"0,1",3,97-72-60-95,0.002852003090083599
flat,0,in_dist,2,"0,1",4,80-77-56-71,0.0014158081030473113
flat,0,in_dist,2,"0,1",5,88-69-93-66,0.020026614889502525
flat,0,in_dist,2,"0,1",6,87-85-78-50,0.010115934535861015
flat,0,in_dist,2,"0,1",7,58-96-98-67,0.019618123769760132
flat,0,in_dist,2,"0,2",0,68-73-86-54,0.0031395938713103533
flat,0,in_dist,2,"0,2",1,52-53-84-74,0.001951436628587544
flat,0,in_dist,2,"0,2",2,70-76-51-61,0.002412941539660096
flat,0,in_dist,2,"0,2",3,97-72-60-95,0.0028592434246093035
flat,0,in_dist,2,"0,2",4,80-77-56-71,0.0011450672755017877
flat,0,in_dist,2,"0,2",5,88-69-93-66,0.0017334467265754938
flat,0,in_dist,2,"0,2",6,87-85-78-50,0.0019224438583478332
flat,0,in_dist,2,"0,2",7,58-96-98-67,0.002176302717998624
flat,0,in_dist,2,"0,3",0,68-73-86-54,-0.0005896447109989822
flat,0,in_dist,2,"0,3",1,52-53-84-74,0.0468791127204895
flat,0,in_dist,2,"0,3",2,70-76-51-61,-0.0010869367979466915
flat,0,in_dist,2,"0,3",3,97-72-60-95,0.011179164052009583
flat,0,in_dist,2,"0,3",4,80-77-56-71,0.005580266937613487
flat,0,in_dist,2,"0,3",5,88-69-93-66,0.012182737700641155
flat,0,in_dist,2,"0,3",6,87-85-78-50,-0.0018675754545256495
flat,0,in_dist,2,"0,3",7,58-96-98-67,0.015200468711555004
flat,0,in_dist,2,"1,2",0,68-73-86-54,0.002096722135320306
flat,0,in_dist,2,"1,2",1,52-53-84-74,0.001227869070135057
flat,0,in_dist,2,"1,2",2,70-76-51-61,0.0033044498413801193
flat,0,in_dist,2,"1,2",3,97-72-60-95,0.0037981229834258556
flat,0,in_dist,2,"1,2",4,80-77-56-71,0.0009497764986008406
flat,0,in_dist,2,"1,2",5,88-69-93-66,0.0021367452573031187
flat,0,in_dist,2,"1,2",6,87-85-78-50,0.0003862714802380651
flat,0,in_dist,2,"1,2",7,58-96-98-67,0.003032222855836153
flat,0,in_dist,2,"1,3",0,68-73-86-54,0.0012554198037832975
flat,0,in_dist,2,"1,3",1,52-53-84-74,0.0013385023921728134
flat,0,in_dist,2,"1,3",2,70-76-51-61,0.0032088912557810545
flat,0,in_dist,2,"1,3",3,97-72-60-95,0.003692683996632695
flat,0,in_dist,2,"1,3",4,80-77-56-71,0.0017468183068558574
flat,0,in_dist,2,"1,3",5,88-69-93-66,0.0025103185325860977
flat,0,in_dist,2,"1,3",6,87-85-78-50,0.0012541556498035789
flat,0,in_dist,2,"1,3",7,58-96-98-67,0.0012408248148858547
flat,0,in_dist,2,"2,3",0,68-73-86-54,0.01544313132762909
flat,0,in_dist,2,"2,3",1,52-53-84-74,-0.015378521755337715
flat,0,in_dist,2,"2,3",2,70-76-51-61,0.016603101044893265
flat,0,in_dist,2,"2,3",3,97-72-60-95,-0.03328722342848778
flat,0,in_dist,2,"2,3",4,80-77-56-71,0.0215376615524292
flat,0,in_dist,2,"2,3",5,88-69-93-66,-0.005404219962656498
flat,0,in_dist,2,"2,3",6,87-85-78-50,0.01616416499018669
flat,0,in_dist,2,"2,3",7,58-96-98-67,-0.013666914775967598
flat,0,in_dist,3,"0,1,2",0,68-73-86-54,0.0021061694715172052
flat,0,in_dist,3,"0,1,2",1,52-53-84-74,0.001794341136701405
flat,0,in_dist,3,"0,1,2",2,70-76-51-61,0.002832732629030943
flat,0,in_dist,3,"0,1,2",3,97-72-60-95,0.0022207444999367
flat,0,in_dist,3,"0,1,2",4,80-77-56-71,0.0013221970293670893
flat,0,in_dist,3,"0,1,2",5,88-69-93-66,0.0014540065312758088
flat,0,in_dist,3,"0,1,2",6,87-85-78-50,0.0017281665932387114
flat,0,in_dist,3,"0,1,2",7,58-96-98-67,0.0022612204775214195
flat,0,in_dist,3,"0,1,3",0,68-73-86-54,0.0012422522995620966
flat,0,in_dist,3,"0,1,3",1,52-53-84-74,0.002032642951235175
flat,0,in_dist,3,"0,1,3",2,70-76-51-61,0.0028092272114008665
flat,0,in_dist,3,"0,1,3",3,97-72-60-95,0.002108026761561632
flat,0,in_dist,3,"0,1,3",4,80-77-56-71,0.0020750334952026606
flat,0,in_dist,3,"0,1,3",5,88-69-93-66,0.001817278447560966
flat,0,in_dist,3,"0,1,3",6,87-85-78-50,0.002657473087310791
flat,0,in_dist,3,"0,1,3",7,58-96-98-67,0.00044909611460752785
flat,0,in_dist,3,"0,2,3",0,68-73-86-54,0.003007362363860011
flat,0,in_dist,3,"0,2,3",1,52-53-84-74,0.001722052926197648
flat,0,in_dist,3,"0,2,3",2,70-76-51-61,0.0022350812796503305
flat,0,in_dist,3,"0,2,3",3,97-72-60-95,0.0026491035241633654
flat,0,in_dist,3,"0,2,3",4,80-77-56-71,0.0015523014590144157
flat,0,in_dist,3,"0,2,3",5,88-69-93-66,0.00188718200661242
flat,0,in_dist,3,"0,2,3",6,87-85-78-50,0.0022782215382903814
flat,0,in_dist,3,"0,2,3",7,58-96-98-67,0.001671904232352972
flat,0,in_dist,3,"1,2,3",0,68-73-86-54,0.0019209912279620767
flat,0,in_dist,3,"1,2,3",1,52-53-84-74,0.0009968860540539026
flat,0,in_dist,3,"1,2,3",2,70-76-51-61,0.003168625757098198
flat,0,in_dist,3,"1,2,3",3,97-72-60-95,0.0035785657819360495
flat,0,in_dist,3,"1,2,3",4,80-77-56-71,0.00136370281688869
flat,0,in_dist,3,"1,2,3",5,88-69-93-66,0.00230969674885273
flat,0,in_dist,3,"1,2,3",6,87-85-78-50,0.0008975818054750562
flat,0,in_dist,3,"1,2,3",7,58-96-98-67,0.0024561008904129267
flat,0,in_dist,4,"0,1,2,3",0,68-73-86-54,0.0019230995094403625
flat,0,in_dist,4,"0,1,2,3",1,52-53-84-74,0.0015889921924099326
flat,0,in_dist,4,"0,1,2,3",2,70-76-51-61,0.0027208670508116484
flat,0,in_dist,4,"0,1,2,3",3,97-72-60-95,0.0019979143980890512
flat,0,in_dist,4,"0,1,2,3",4,80-77-56-71,0.0017326256493106484
flat,0,in_dist,4,"0,1,2,3",5,88-69-93-66,0.0015980297466740012
flat,0,in_dist,4,"0,1,2,3",6,87-85-78-50,0.002229126635938883
flat,0,in_dist,4,"0,1,2,3",7,58-96-98-67,0.0016741949366405606
multi,0,in_dist,0,,0,68-73-86-54,0.3245347738265991
multi,0,in_dist,0,,1,52-53-84-74,0.32338932156562805
multi,0,in_dist,0,,2,70-76-51-61,0.16625039279460907
multi,0,in_dist,0,,3,97-72-60-95,0.18157191574573517
multi,0,in_dist,0,,4,80-77-56-71,0.32938462495803833
multi,0,in_dist,0,,5,88-69-93-66,0.3685559332370758
multi,0,in_dist,0,,6,87-85-78-50,0.21502074599266052
multi,0,in_dist,0,,7,58-96-98-67,0.15285196900367737
multi,0,in_dist,1,0,0,68-73-86-54,0.13223405182361603
multi,0,in_dist,1,0,1,52-53-84-74,0.10992541164159775
multi,0,in_dist,1,0,2,70-76-51-61,0.19358648359775543
multi,0,in_dist,1,0,3,97-72-60-95,0.09218597412109375
multi,0,in_dist,1,0,4,80-77-56-71,0.11963409185409546
multi,0,in_dist,1,0,5,88-69-93-66,0.07135093957185745
multi,0,in_dist,1,0,6,87-85-78-50,0.10403624922037125
multi,0,in_dist,1,0,7,58-96-98-67,0.07146690040826797
multi,0,in_dist,1,1,0,68-73-86-54,0.1232924610376358
multi,0,in_dist,1,1,1,52-53-84-74,0.13215763866901398
multi,0,in_dist,1,1,2,70-76-51-61,0.10895373672246933
multi,0,in_dist,1,1,3,97-72-60-95,0.19012098014354706
multi,0,in_dist,1,1,4,80-77-56-71,0.12835827469825745
multi,0,in_dist,1,1,5,88-69-93-66,0.05855301022529602
multi,0,in_dist,1,1,6,87-85-78-50,0.062313616275787354
multi,0,in_dist,1,1,7,58-96-98-67,0.2045356184244156
multi,0,in_dist,1,2,0,68-73-86-54,0.04624029994010925
multi,0,in_dist,1,2,1,52-53-84-74,0.040399014949798584
multi,0,in_dist,1,2,2,70-76-51-61,0.10641633719205856
multi,0,in_dist,1,2,3,97-72-60-95,0.018765345215797424
multi,0,in_dist,1,2,4,80-77-56-71,0.14610105752944946
multi,0,in_dist,1,2,5,88-69-93-66,0.11192936450242996
multi,0,in_dist,1,2,6,87-85-78-50,0.04451947659254074
multi,0,in_dist,1,2,7,58-96-98-67,0.007003608159720898
multi,0,in_dist,1,3,0,68-73-86-54,0.06343714892864227
multi,0,in_dist,1,3,1,52-53-84-74,0.15513062477111816
multi,0,in_dist,1,3,2,70-76-51-61,0.01170507911592722
multi,0,in_dist,1,3,3,97-72-60-95,-0.011772478930652142
multi,0,in_dist,1,3,4,80-77-56-71,0.1890835165977478
multi,0,in_dist,1,3,5,88-69-93-66,0.03656095266342163
multi,0,in_dist,1,3,6,87-85-78-50,0.08988561481237411
multi,0,in_dist,1,3,7,58-96-98-67,0.034606434404850006
multi,0,in_dist,2,"0,1",0,68-73-86-54,0.04467348754405975
multi,0,in_dist,2,"0,1",1,52-53-84-74,0.04179343953728676
multi,0,in_dist,2,"0,1",2,70-76-51-61,0.08081028610467911
multi,0,in_dist,2,"0,1",3,97-72-60-95,0.07537732273340225
multi,0,in_dist,2,"0,1",4,80-77-56-71,0.03966958075761795
multi,0,in_dist,2,"0,1",5,88-69-93-66,0.031492795795202255
multi,0,in_dist,2,"0,1",6,87-85-78-50,0.05238115414977074
multi,0,in_dist,2,"0,1",7,58-96-98-67,0.08175496757030487
multi,0,in_dist,2,"0,2",0,68-73-86-54,0.004162118770182133
multi,0,in_dist,2,"0,2",1,52-53-84-74,0.016721539199352264
multi,0,in_dist,2,"0,2",2,70-76-51-61,0.043861716985702515
multi,0,in_dist,2,"0,2",3,97-72-60-95,0.016052473336458206
multi,0,in_dist,2,"0,2",4,80-77-56-71,0.025374678894877434
multi,0,in_dist,2,"0,2",5,88-69-93-66,0.013652747496962547
multi,0,in_dist,2,"0,2",6,87-85-78-50,0.0068817432038486
multi,0,in_dist,2,"0,2",7,58-96-98-67,0.012773838825523853
multi,0,in_dist,2,"0,3",0,68-73-86-54,0.04108484461903572
multi,0,in_dist,2,"0,3",1,52-53-84-74,0.013074505142867565
multi,0,in_dist,2,"0,3",2,70-76-51-61,0.013330137357115746
multi,0,in_dist,2,"0,3",3,97-72-60-95,0.020413266494870186
multi,0,in_dist,2,"0,3",4,80-77-56-71,0.06445217877626419
multi,0,in_dist,2,"0,3",5,88-69-93-66,-0.02659778483211994
multi,0,in_dist,2,"0,3",6,87-85-78-50,0.17165054380893707
multi,0,in_dist,2,"0,3",7,58-96-98-67,0.05926040932536125
multi,0,in_dist,2,"1,2",0,68-73-86-54,0.009189866483211517
multi,0,in_dist,2,"1,2",1,52-53-84-74,0.03567534312605858
multi,0,in_dist,2,"1,2",2,70-76-51-61,0.03265726566314697
multi,0,in_dist,2,"1,2",3,97-72-60-95,0.019307564944028854
multi,0,in_dist,2,"1,2",4,80-77-56-71,0.02111879549920559
multi,0,in_dist,2,"1,2",5,88-69-93-66,0.0017865444533526897
multi,0,in_dist,2,"1,2",6,87-85-78-50,0.0024949037469923496
multi,0,in_dist,2,"1,2",7,58-96-98-67,0.0037333702202886343
multi,0,in_dist,2,"1,3",0,68-73-86-54,0.016935138031840324
multi,0,in_dist,2,"1,3",1,52-53-84-74,0.0184550229460001
multi,0,in_dist,2,"1,3",2,70-76-51-61,0.017432311549782753
multi,0,in_dist,2,"1,3",3,97-72-60-95,0.0181525070220232
multi,0,in_dist,2,"1,3",4,80-77-56-71,0.006927940994501114
multi,0,in_dist,2,"1,3",5,88-69-93-66,0.0031162588857114315
multi,0,in_dist,2,"1,3",6,87-85-78-50,0.026017747819423676
multi,0,in_dist,2,"1,3",7,58-96-98-67,0.007784328423440456
multi,0,in_dist,2,"2,3",0,68-73-86-54,0.015547254122793674
multi,0,in_dist,2,"2,3",1,52-53-84-74,0.04031152278184891
multi,0,in_dist,2,"2,3",2,70-76-51-61,0.09261167049407959
multi,0,in_dist,2,"2,3",3,97-72-60-95,0.014938547275960445
multi,0,in_dist,2,"2,3",4,80-77-56-71,0.11971556395292282
multi,0,in_dist,2,"2,3",5,88-69-93-66,0.025146955624222755
multi,0,in_dist,2,"2,3",6,87-85-78-50,0.07422440499067307
multi,0,in_dist,2,"2,3",7,58-96-98-67,-0.02347315475344658
multi,0,in_dist,3,"0,1,2",0,68-73-86-54,0.003231445560231805
multi,0,in_dist,3,"0,1,2",1,52-53-84-74,0.005220119375735521
multi,0,in_dist,3,"0,1,2",2,70-76-51-61,0.007128935307264328
multi,0,in_dist,3,"0,1,2",3,97-72-60-95,0.005027003586292267
multi,0,in_dist,3,"0,1,2",4,80-77-56-71,0.0036384519189596176
multi,0,in_dist,3,"0,1,2",5,88-69-93-66,0.0017728033708408475
multi,0,in_dist,3,"0,1,2",6,87-85-78-50,0.0017358195036649704
multi,0,in_dist,3,"0,1,2",7,58-96-98-67,0.0018016590038314462
multi,0,in_dist,3,"0,1,3",0,68-73-86-54,0.004565548617392778
multi,0,in_dist,3,"0,1,3",1,52-53-84-74,0.0037327338941395283
multi,0,in_dist,3,"0,1,3",2,70-76-51-61,0.005477753467857838
multi,0,in_dist,3,"0,1,3",3,97-72-60-95,0.0033322421368211508
multi,0,in_dist,3,"0,1,3",4,80-77-56-71,0.004961167462170124
multi,0,in_dist,3,"0,1,3",5,88-69-93-66,0.002381240716204047
multi,0,in_dist,3,"0,1,3",6,87-85-78-50,0.010510891675949097
multi,0,in_dist,3,"0,1,3",7,58-96-98-67,0.004676220938563347
multi,0,in_dist,3,"0,2,3",0,68-73-86-54,0.0009493362158536911
multi,0,in_dist,3,"0,2,3",1,52-53-84-74,0.0010151626775041223
multi,0,in_dist,3,"0,2,3",2,70-76-51-61,0.006964839994907379
multi,0,in_dist,3,"0,2,3",3,97-72-60-95,0.0033832374028861523
multi,0,in_dist,3,"0,2,3",4,80-77-56-71,0.007071820553392172
multi,0,in_dist,3,"0,2,3",5,88-69-93-66,0.00024498914717696607
multi,0,in_dist,3,"0,2,3",6,87-85-78-50,0.0052039725705981255
multi,0,in_dist,3,"0,2,3",7,58-96-98-67,0.0009456727420911193
multi,0,in_dist,3,"1,2,3",0,68-73-86-54,0.0021592662669718266
multi,0,in_dist,3,"1,2,3",1,52-53-84-74,0.004615792538970709
multi,0,in_dist,3,"1,2,3",2,70-76-51-61,0.005587670486420393
multi,0,in_dist,3,"1,2,3",3,97-72-60-95,0.004283209331333637
multi,0,in_dist,3,"1,2,3",4,80-77-56-71,0.004075073171406984
multi,0,in_dist,3,"1,2,3",5,88-69-93-66,0.0014663288602605462
multi,0,in_dist,3,"1,2,3",6,87-85-78-50,0.002266959985718131
multi,0,in_dist,3,"1,2,3",7,58-96-98-67,0.002934172749519348
multi,0,in_dist,4,"0,1,2,3",0,68-73-86-54,0.0019230920588597655
multi,0,in_dist,4,"0,1,2,3",1,52-53-84-74,0.0015889934729784727
multi,0,in_dist,4,"0,1,2,3",2,70-76-51-61,0.0027208668179810047
multi,0,in_dist,4,"0,1,2,3",3,97-72-60-95,0.0019979155622422695
multi,0,in_dist,4,"0,1,2,3",4,80-77-56-71,0.0017326287925243378
multi,0,in_dist,4,"0,1,2,3",5,88-69-93-66,0.0015980313764885068
multi,0,in_dist,4,"0,1,2,3",6,87-85-78-50,0.002229129197075963
multi,0,in_dist,4,"0,1,2,3",7,58-96-98-67,0.0016742008738219738
multi_comm,0,in_dist,0,,0,68-73-86-54,0.25949862599372864
multi_comm,0,in_dist,0,,1,52-53-84-74,0.3230057954788208
multi_comm,0,in_dist,0,,2,70-76-51-61,0.23706917464733124
multi_comm,0,in_dist,0,,3,97-72-60-95,0.2402564287185669
multi_comm,0,in_dist,0,,4,80-77-56-71,0.2687840759754181
multi_comm,0,in_dist,0,,5,88-69-93-66,0.3708694875240326
multi_comm,0,in_dist,0,,6,87-85-78-50,0.14201302826404572
multi_comm,0,in_dist,0,,7,58-96-98-67,0.25530481338500977
multi_comm,0,in_dist,1,0,0,68-73-86-54,0.09827286750078201
multi_comm,0,in_dist,1,0,1,52-53-84-74,0.06512222439050674
multi_comm,0,in_dist,1,0,2,70-76-51-61,0.16126598417758942
multi_comm,0,in_dist,1,0,3,97-72-60-95,0.07081276178359985
multi_comm,0,in_dist,1,0,4,80-77-56-71,0.09563331305980682
multi_comm,0,in_dist,1,0,5,88-69-93-66,0.12634146213531494
multi_comm,0,in_dist,1,0,6,87-85-78-50,0.06280186772346497
multi_comm,0,in_dist,1,0,7,58-96-98-67,0.08232962340116501
multi_comm,0,in_dist,1,1,0,68-73-86-54,0.10904549062252045
multi_comm,0,in_dist,1,1,1,52-53-84-74,0.10420012474060059
multi_comm,0,in_dist,1,1,2,70-76-51-61,0.08121605962514877
multi_comm,0,in_dist,1,1,3,97-72-60-95,0.15777674317359924
multi_comm,0,in_dist,1,1,4,80-77-56-71,0.13315586745738983
multi_comm,0,in_dist,1,1,5,88-69-93-66,0.043689679354429245
multi_comm,0,in_dist,1,1,6,87-85-78-50,0.07118608057498932
multi_comm,0,in_dist,1,1,7,58-96-98-67,0.15588532388210297
multi_comm,0,in_dist,1,2,0,68-73-86-54,0.05743344873189926
multi_comm,0,in_dist,1,2,1,52-53-84-74,0.023729359731078148
multi_comm,0,in_dist,1,2,2,70-76-51-61,0.0759032592177391
multi_comm,0,in_dist,1,2,3,97-72-60-95,0.01219482347369194
multi_comm,0,in_dist,1,2,4,80-77-56-71,0.06370045244693756
multi_comm,0,in_dist,1,2,5,88-69-93-66,0.09995333105325699
multi_comm,0,in_dist,1,2,6,87-85-78-50,-0.03866315260529518
multi_comm,0,in_dist,1,2,7,58-96-98-67,0.01143201719969511
multi_comm,0,in_dist,1,3,0,68-73-86-54,0.05068175494670868
multi_comm,0,in_dist,1,3,1,52-53-84-74,0.10694371163845062
multi_comm,0,in_dist,1,3,2,70-76-51-61,0.005239306483417749
multi_comm,0,in_dist,1,3,3,97-72-60-95,0.03230147436261177
multi_comm,0,in_dist,1,3,4,80-77-56-71,0.1306561827659607
multi_comm,0,in_dist,1,3,5,88-69-93-66,0.04593244567513466
multi_comm,0,in_dist,1,3,6,87-85-78-50,0.04837082326412201
multi_comm,0,in_dist,1,3,7,58-96-98-67,0.02252546325325966
multi_comm,0,in_dist,2,"0,1",0,68-73-86-54,0.0565149299800396
multi_comm,0,in_dist,2,"0,1",1,52-53-84-74,0.03142406791448593
multi_comm,0,in_dist,2,"0,1",2,70-76-51-61,0.054056596010923386
multi_comm,0,in_dist,2,"0,1",3,97-72-60-95,0.05329281836748123
multi_comm,0,in_dist,2,"0,1",4,80-77-56-71,0.045279860496520996
multi_comm,0,in_dist,2,"0,1",5,88-69-93-66,0.02555498294532299
multi_comm,0,in_dist,2,"0,1",6,87-85-78-50,0.06981152296066284
multi_comm,0,in_dist,2,"0,1",7,58-96-98-67,0.046079885214567184
multi_comm,0,in_dist,2,"0,2",0,68-73-86-54,0.004186237696558237
multi_comm,0,in_dist,2,"0,2",1,52-53-84-74,0.016683991998434067
multi_comm,0,in_dist,2,"0,2",2,70-76-51-61,0.04392286017537117
multi_comm,0,in_dist,2,"0,2",3,97-72-60-95,0.01601734198629856
multi_comm,0,in_dist,2,"0,2",4,80-77-56-71,0.025397613644599915
multi_comm,0,in_dist,2,"0,2",5,88-69-93-66,0.013772111386060715
multi_comm,0,in_dist,2,"0,2",6,87-85-78-50,0.006871101912111044
multi_comm,0,in_dist,2,"0,2",7,58-96-98-67,0.012934088706970215
multi_comm,0,in_dist,2,"0,3",0,68-73-86-54,0.02713373862206936
multi_comm,0,in_dist,2,"0,3",1,52-53-84-74,0.0037631895393133163
multi_comm,0,in_dist,2,"0,3",2,70-76-51-61,0.022536316886544228
multi_comm,0,in_dist,2,"0,3",3,97-72-60-95,0.021281683817505836
multi_comm,0,in_dist,2,"0,3",4,80-77-56-71,0.05721310153603554
multi_comm,0,in_dist,2,"0,3",5,88-69-93-66,0.014757628552615643
multi_comm,0,in_dist,2,"0,3",6,87-85-78-50,0.15098951756954193
multi_comm,0,in_dist,2,"0,3",7,58-96-98-67,0.039304062724113464
multi_comm,0,in_dist,2,"1,2",0,68-73-86-54,0.009190921671688557
multi_comm,0,in_dist,2,"1,2",1,52-53-84-74,0.03577122837305069
multi_comm,0,in_dist,2,"1,2",2,70-76-51-61,0.032717395573854446
multi_comm,0,in_dist,2,"1,2",3,97-72-60-95,0.01928406022489071
multi_comm,0,in_dist,2,"1,2",4,80-77-56-71,0.02112634666264057
multi_comm,0,in_dist,2,"1,2",5,88-69-93-66,0.0017769413534551859
multi_comm,0,in_dist,2,"1,2",6,87-85-78-50,0.0024387273006141186
multi_comm,0,in_dist,2,"1,2",7,58-96-98-67,0.0037174485623836517
multi_comm,0,in_dist,2,"1,3",0,68-73-86-54,0.01705455221235752
multi_comm,0,in_dist,2,"1,3",1,52-53-84-74,0.018470851704478264
multi_comm,0,in_dist,2,"1,3",2,70-76-51-61,0.017688477411866188
multi_comm,0,in_dist,2,"1,3",3,97-72-60-95,0.018175451084971428
multi_comm,0,in_dist,2,"1,3",4,80-77-56-71,0.006999547127634287
multi_comm,0,in_dist,2,"1,3",5,88-69-93-66,0.003111588768661022
multi_comm,0,in_dist,2,"1,3",6,87-85-78-50,0.026003781706094742
multi_comm,0,in_dist,2,"1,3",7,58-96-98-67,0.007791536394506693
multi_comm,0,in_dist,2,"2,3",0,68-73-86-54,0.037320930510759354
multi_comm,0,in_dist,2,"2,3",1,52-53-84-74,-0.013911955989897251
multi_comm,0,in_dist,2,"2,3",2,70-76-51-61,0.06057737395167351
multi_comm,0,in_dist,2,"2,3",3,97-72-60-95,-0.00955856405198574
multi_comm,0,in_dist,2,"2,3",4,80-77-56-71,0.05923989787697792
multi_comm,0,in_dist,2,"2,3",5,88-69-93-66,0.05498665198683739
multi_comm,0,in_dist,2,"2,3",6,87-85-78-50,-0.01721316948533058
multi_comm,0,in_dist,2,"2,3",7,58-96-98-67,-0.01592038758099079
multi_comm,0,in_dist,3,"0,1,2",0,68-73-86-54,0.003232194809243083
multi_comm,0,in_dist,3,"0,1,2",1,52-53-84-74,0.0052329315803945065
multi_comm,0,in_dist,3,"0,1,2",2,70-76-51-61,0.007146333809942007
multi_comm,0,in_dist,3,"0,1,2",3,97-72-60-95,0.005027892533689737
multi_comm,0,in_dist,3,"0,1,2",4,80-77-56-71,0.0036423560231924057
multi_comm,0,in_dist,3,"0,1,2",5,88-69-93-66,0.0017743688076734543
multi_comm,0,in_dist,3,"0,1,2",6,87-85-78-50,0.0017393946181982756
multi_comm,0,in_dist,3,"0,1,2",7,58-96-98-67,0.0017753267893567681
multi_comm,0,in_dist,3,"0,1,3",0,68-73-86-54,0.004562050104141235
multi_comm,0,in_dist,3,"0,1,3",1,52-53-84-74,0.003733835881575942
multi_comm,0,in_dist,3,"0,1,3",2,70-76-51-61,0.005486657842993736
multi_comm,0,in_dist,3,"0,1,3",3,97-72-60-95,0.003326260717585683
multi_comm,0,in_dist,3,"0,1,3",4,80-77-56-71,0.00499257305637002
multi_comm,0,in_dist,3,"0,1,3",5,88-69-93-66,0.00238778511993587
multi_comm,0,in_dist,3,"0,1,3",6,87-85-78-50,0.010511024855077267
multi_comm,0,in_dist,3,"0,1,3",7,58-96-98-67,0.004669369198381901
multi_comm,0,in_dist,3,"0,2,3",0,68-73-86-54,0.0009504353511147201
multi_comm,0,in_dist,3,"0,2,3",1,52-53-84-74,0.0010164903942495584
multi_comm,0,in_dist,3,"0,2,3",2,70-76-51-61,0.006948282476514578
multi_comm,0,in_dist,3,"0,2,3",3,97-72-60-95,0.003400863613933325
multi_comm,0,in_dist,3,"0,2,3",4,80-77-56-71,0.0070708864368498325
multi_comm,0,in_dist,3,"0,2,3",5,88-69-93-66,0.00027701901854015887
multi_comm,0,in_dist,3,"0,2,3",6,87-85-78-50,0.005198897793889046
multi_comm,0,in_dist,3,"0,2,3",7,58-96-98-67,0.0009468949865549803
multi_comm,0,in_dist,3,"1,2,3",0,68-73-86-54,0.002156076254323125
multi_comm,0,in_dist,3,"1,2,3",1,52-53-84-74,0.004623341374099255
multi_comm,0,in_dist,3,"1,2,3",2,70-76-51-61,0.005594874266535044
multi_comm,0,in_dist,3,"1,2,3",3,97-72-60-95,0.004281548783183098
multi_comm,0,in_dist,3,"1,2,3",4,80-77-56-71,0.0040763746947050095
multi_comm,0,in_dist,3,"1,2,3",5,88-69-93-66,0.0014626978663727641
multi_comm,0,in_dist,3,"1,2,3",6,87-85-78-50,0.0022576209157705307
multi_comm,0,in_dist,3,"1,2,3",7,58-96-98-67,0.002934299176558852
multi_comm,0,in_dist,4,"0,1,2,3",0,68-73-86-54,0.0019230934558436275
multi_comm,0,in_dist,4,"0,1,2,3",1,52-53-84-74,0.0015889945207163692
multi_comm,0,in_dist,4,"0,1,2,3",2,70-76-51-61,0.00272086588665843
multi_comm,0,in_dist,4,"0,1,2,3",3,97-72-60-95,0.0019979143980890512
multi_comm,0,in_dist,4,"0,1,2,3",4,80-77-56-71,0.0017326278612017632
multi_comm,0,in_dist,4,"0,1,2,3",5,88-69-93-66,0.0015980328898876905
multi_comm,0,in_dist,4,"0,1,2,3",6,87-85-78-50,0.002229125937446952
multi_comm,0,in_dist,4,"0,1,2,3",7,58-96-98-67,0.0016741923755034804
